Exercise Name,Image URL
Squat,https://raw.githubusercontent.com/yuhonas/free-exercise-db/main/exercises/Barbell_Squat/0.jpg
Bench Press,https://raw.githubusercontent.com/yuhonas/free-exercise-db/main/exercises/Barbell_Bench_Press_-_Medium_Grip/0.jpg
Deadlift,https://raw.githubusercontent.com/yuhonas/free-exercise-db/main/exercises/Barbell_Deadlift/0.jpg
Treadmill,https://raw.githubusercontent.com/yuhonas/free-exercise-db/main/exercises/Running_Treadmill/0.jpg
Rowing Machine,https://raw.githubusercontent.com/yuhonas/free-exercise-db/main/exercises/Rowing_Stationary/0.jpg
Cycling,https://raw.githubusercontent.com/yuhonas/free-exercise-db/main/exercises/Bicycling_Stationary/0.jpg
Pull-up,https://raw.githubusercontent.com/yuhonas/free-exercise-db/main/exercises/Pullups/0.jpg
Push-up,https://raw.githubusercontent.com/yuhonas/free-exercise-db/main/exercises/Pushups/0.jpg
Leg Press,https://raw.githubusercontent.com/yuhonas/free-exercise-db/main/exercises/Leg_Press/0.jpg
Shoulder Press,https://raw.githubusercontent.com/yuhonas/free-exercise-db/main/exercises/Barbell_Shoulder_Press/0.jpg
Bicep Curl,https://raw.githubusercontent.com/yuhonas/free-exercise-db/main/exercises/Dumbbell_Bicep_Curl/0.jpg
Tricep Extension,https://raw.githubusercontent.com/yuhonas/free-exercise-db/main/exercises/Dumbbell_One-Arm_Triceps_Extension/0.jpg
Plank,https://raw.githubusercontent.com/yuhonas/free-exercise-db/main/exercises/Plank/0.jpg
Lunge,https://raw.githubusercontent.com/yuhonas/free-exercise-db/main/exercises/Barbell_Lunge/0.jpg
Crunches,https://raw.githubusercontent.com/yuhonas/free-exercise-db/main/exercises/Crunches/0.jpg
Lat Pull-down,https://raw.githubusercontent.com/yuhonas/free-exercise-db/main/exercises/Wide-Grip_Lat_Pulldown/0.jpg
Dumbbell Row,https://raw.githubusercontent.com/yuhonas/free-exercise-db/main/exercises/One-Arm_Dumbbell_Row/0.jpg
Leg Curl,https://raw.githubusercontent.com/yuhonas/free-exercise-db/main/exercises/Lying_Leg_Curls/0.jpg
Leg Extension,https://raw.githubusercontent.com/yuhonas/free-exercise-db/main/exercises/Leg_Extensions/0.jpg
Dips,https://raw.githubusercontent.com/yuhonas/free-exercise-db/main/exercises/Dips_-_Triceps_Version/0.jpg
Face Pull,https://raw.githubusercontent.com/yuhonas/free-exercise-db/main/exercises/Face_Pull/0.jpg
Romanian Deadlift,https://raw.githubusercontent.com/yuhonas/free-exercise-db/main/exercises/Romanian_Deadlift/0.jpg
Calf Raise,https://raw.githubusercontent.com/yuhonas/free-exercise-db/main/exercises/Standing_Calf_Raises/0.jpg
Hammer Curl,https://raw.githubusercontent.com/yuhonas/free-exercise-db/main/exercises/Hammer_Curls/0.jpg
Chest Fly,https://raw.githubusercontent.com/yuhonas/free-exercise-db/main/exercises/Dumbbell_Flyes/0.jpg
Lateral Raise,https://raw.githubusercontent.com/yuhonas/free-exercise-db/main/exercises/Side_Lateral_Raise/0.jpg
Front Raise,https://raw.githubusercontent.com/yuhonas/free-exercise-db/main/exercises/Front_Dumbbell_Raise/0.jpg
Shrugs,https://raw.githubusercontent.com/yuhonas/free-exercise-db/main/exercises/Barbell_Shrug/0.jpg
Incline Bench Press,https://raw.githubusercontent.com/yuhonas/free-exercise-db/main/exercises/Barbell_Incline_Bench_Press_-_Medium_Grip/0.jpg
Tricep Pushdown,https://raw.githubusercontent.com/yuhonas/free-exercise-db/main/exercises/Triceps_Pushdown/0.jpg
Barbell Row,https://raw.githubusercontent.com/yuhonas/free-exercise-db/main/exercises/Bent_Over_Barbell_Row/0.jpg
Overhead Press,https://raw.githubusercontent.com/yuhonas/free-exercise-db/main/exercises/Standing_Dumbbell_Press/0.jpg
Hip Thrust,https://raw.githubusercontent.com/yuhonas/free-exercise-db/main/exercises/Barbell_Hip_Thrust/0.jpg
Leg Raise,https://raw.githubusercontent.com/yuhonas/free-exercise-db/main/exercises/Flat_Bench_Lying_Leg_Raise/0.jpg
Russian Twist,https://raw.githubusercontent.com/yuhonas/free-exercise-db/main/exercises/Russian_Twist/0.jpg
Seated Row,https://raw.githubusercontent.com/yuhonas/free-exercise-db/main/exercises/Seated_Cable_Rows/0.jpg
Elliptical,https://raw.githubusercontent.com/yuhonas/free-exercise-db/main/exercises/Elliptical_Trainer/0.jpg
Jump Rope,https://raw.githubusercontent.com/yuhonas/free-exercise-db/main/exercises/Rope_Jumping/0.jpg
Stair Climber,https://raw.githubusercontent.com/yuhonas/free-exercise-db/main/exercises/Stairmaster/0.jpg
Mountain Climbers,https://raw.githubusercontent.com/yuhonas/free-exercise-db/main/exercises/Mountain_Climbers/0.jpg
Burpees,
Kettlebell Swing,https://raw.githubusercontent.com/yuhonas/free-exercise-db/main/exercises/One-Arm_Kettlebell_Swings/0.jpg
Box Jump,https://raw.githubusercontent.com/yuhonas/free-exercise-db/main/exercises/Front_Box_Jump/0.jpg
Farmer's Walk,https://raw.githubusercontent.com/yuhonas/free-exercise-db/main/exercises/Farmers_Walk/0.jpg
Clean and Press,https://raw.githubusercontent.com/yuhonas/free-exercise-db/main/exercises/Clean_and_Press/0.jpg
Back Extension,https://raw.githubusercontent.com/yuhonas/free-exercise-db/main/exercises/Hyperextensions_Back_Extensions/0.jpg
Ab Rollout,https://raw.githubusercontent.com/yuhonas/free-exercise-db/main/exercises/Ab_Roller/0.jpg
Glute Bridge,https://raw.githubusercontent.com/yuhonas/free-exercise-db/main/exercises/Butt_Lift_Bridge/0.jpg
T-Bar Row,https://raw.githubusercontent.com/yuhonas/free-exercise-db/main/exercises/T-Bar_Row_with_Handle/0.jpg
Upright Row,https://raw.githubusercontent.com/yuhonas/free-exercise-db/main/exercises/Upright_Barbell_Row/0.jpg
Good Morning,https://raw.githubusercontent.com/yuhonas/free-exercise-db/main/exercises/Good_Morning/0.jpg
Hack Squat,https://raw.githubusercontent.com/yuhonas/free-exercise-db/main/exercises/Hack_Squat/0.jpg
Bulgarian Split Squat,https://raw.githubusercontent.com/yuhonas/free-exercise-db/main/exercises/Split_Squat_with_Dumbbells/0.jpg
Reverse Crunch,https://raw.githubusercontent.com/yuhonas/free-exercise-db/main/exercises/Reverse_Crunch/0.jpg
Cable Crunch,https://raw.githubusercontent.com/yuhonas/free-exercise-db/main/exercises/Cable_Crunch/0.jpg
Decline Bench Press,https://raw.githubusercontent.com/yuhonas/free-exercise-db/main/exercises/Decline_Barbell_Bench_Press/0.jpg
Goblet Squat,https://raw.githubusercontent.com/yuhonas/free-exercise-db/main/exercises/Goblet_Squat/0.jpg
Step-Up,https://raw.githubusercontent.com/yuhonas/free-exercise-db/main/exercises/Dumbbell_Step_Ups/0.jpg
Cable Flyes,https://raw.githubusercontent.com/yuhonas/free-exercise-db/main/exercises/Cable_Crossover/0.jpg
Preacher Curl,https://raw.githubusercontent.com/yuhonas/free-exercise-db/main/exercises/Preacher_Curl/0.jpg
Skull Crushers,https://raw.githubusercontent.com/yuhonas/free-exercise-db/main/exercises/EZ-Bar_Skullcrusher/0.jpg
Reverse Fly,https://raw.githubusercontent.com/yuhonas/free-exercise-db/main/exercises/Reverse_Flyes/0.jpg
Machine Shoulder Press,https://raw.githubusercontent.com/yuhonas/free-exercise-db/main/exercises/Machine_Shoulder_Military_Press/0.jpg
Cable Bicep Curl,https://raw.githubusercontent.com/yuhonas/free-exercise-db/main/exercises/Standing_Biceps_Cable_Curl/0.jpg
Hanging Leg Raise,https://raw.githubusercontent.com/yuhonas/free-exercise-db/main/exercises/Hanging_Leg_Raise/0.jpg
Smith Machine Squat,https://raw.githubusercontent.com/yuhonas/free-exercise-db/main/exercises/Smith_Machine_Squat/0.jpg
Dumbbell Pullover,https://raw.githubusercontent.com/yuhonas/free-exercise-db/main/exercises/Straight-Arm_Dumbbell_Pullover/0.jpg
Wrist Curl,https://raw.githubusercontent.com/yuhonas/free-exercise-db/main/exercises/Palms-Down_Wrist_Curl_Over_A_Bench/0.jpg
Superman,https://raw.githubusercontent.com/yuhonas/free-exercise-db/main/exercises/Superman/0.jpg
Wall Sit,
Box Squat,https://raw.githubusercontent.com/yuhonas/free-exercise-db/main/exercises/Box_Squat/0.jpg
Decline Sit-Up,
Donkey Kicks,https://raw.githubusercontent.com/yuhonas/free-exercise-db/main/exercises/Glute_Kickback/0.jpg
Bird Dog,
Tricep Kickback,https://raw.githubusercontent.com/yuhonas/free-exercise-db/main/exercises/Tricep_Dumbbell_Kickback/0.jpg
Sumo Deadlift,https://raw.githubusercontent.com/yuhonas/free-exercise-db/main/exercises/Sumo_Deadlift/0.jpg
Power Clean,https://raw.githubusercontent.com/yuhonas/free-exercise-db/main/exercises/Power_Clean/0.jpg
Hang Clean,https://raw.githubusercontent.com/yuhonas/free-exercise-db/main/exercises/Hang_Clean/0.jpg
Push Press,https://raw.githubusercontent.com/yuhonas/free-exercise-db/main/exercises/Push_Press/0.jpg
Handstand Push-Up,https://raw.githubusercontent.com/yuhonas/free-exercise-db/main/exercises/Handstand_Push-Ups/0.jpg
Nordic Hamstring Curl,https://raw.githubusercontent.com/yuhonas/free-exercise-db/main/exercises/Natural_Glute_Ham_Raise/0.jpg
Single-Leg Romanian Deadlift,https://raw.githubusercontent.com/yuhonas/free-exercise-db/main/exercises/Kettlebell_One-Legged_Deadlift/0.jpg
Pistol Squat,https://raw.githubusercontent.com/yuhonas/free-exercise-db/main/exercises/Kettlebell_Pistol_Squat/0.jpg
Sled Push,https://raw.githubusercontent.com/yuhonas/free-exercise-db/main/exercises/Sled_Push/0.jpg
Medicine Ball Slams,https://raw.githubusercontent.com/yuhonas/free-exercise-db/main/exercises/Overhead_Slam/0.jpg
Plyometric Push-Ups,https://raw.githubusercontent.com/yuhonas/free-exercise-db/main/exercises/Plyo_Push-up/0.jpg
Broad Jumps,https://raw.githubusercontent.com/yuhonas/free-exercise-db/main/exercises/Standing_Long_Jump/0.jpg
Seated Calf Raise,https://raw.githubusercontent.com/yuhonas/free-exercise-db/main/exercises/Seated_Calf_Raise/0.jpg
Standing Military Press,https://raw.githubusercontent.com/yuhonas/free-exercise-db/main/exercises/Standing_Military_Press/0.jpg
Dumbbell Bench Press,https://raw.githubusercontent.com/yuhonas/free-exercise-db/main/exercises/Dumbbell_Bench_Press/0.jpg
Incline Dumbbell Press,https://raw.githubusercontent.com/yuhonas/free-exercise-db/main/exercises/Incline_Dumbbell_Press/0.jpg
Decline Push-Up,https://raw.githubusercontent.com/yuhonas/free-exercise-db/main/exercises/Decline_Push-Up/0.jpg
Close-Grip Bench Press,https://raw.githubusercontent.com/yuhonas/free-exercise-db/main/exercises/Close-Grip_Barbell_Bench_Press/0.jpg
Inverted Row,https://raw.githubusercontent.com/yuhonas/free-exercise-db/main/exercises/Inverted_Row/0.jpg
Chin-Up,https://raw.githubusercontent.com/yuhonas/free-exercise-db/main/exercises/Chin-Up/0.jpg
EZ Bar Curl,https://raw.githubusercontent.com/yuhonas/free-exercise-db/main/exercises/EZ-Bar_Curl/0.jpg
Concentration Curl,https://raw.githubusercontent.com/yuhonas/free-exercise-db/main/exercises/Concentration_Curls/0.jpg
Dumbbell Lunges,https://raw.githubusercontent.com/yuhonas/free-exercise-db/main/exercises/Dumbbell_Lunges/0.jpg
Side Lunges,
Leg Press Calf Raise,https://raw.githubusercontent.com/yuhonas/free-exercise-db/main/exercises/Calf_Press_On_The_Leg_Press_Machine/0.jpg
Seated Leg Press,https://raw.githubusercontent.com/yuhonas/free-exercise-db/main/exercises/Leg_Press/0.jpg
Hack Squat Machine,https://raw.githubusercontent.com/yuhonas/free-exercise-db/main/exercises/Hack_Squat/0.jpg
Reverse Hyperextension,https://raw.githubusercontent.com/yuhonas/free-exercise-db/main/exercises/Reverse_Hyperextension/0.jpg
Cable Woodchopper,https://raw.githubusercontent.com/yuhonas/free-exercise-db/main/exercises/Standing_Cable_Wood_Chop/0.jpg
Pallof Press,https://raw.githubusercontent.com/yuhonas/free-exercise-db/main/exercises/Pallof_Press/0.jpg
Planks,https://raw.githubusercontent.com/yuhonas/free-exercise-db/main/exercises/Plank/0.jpg
Side Planks,https://raw.githubusercontent.com/yuhonas/free-exercise-db/main/exercises/Side_Bridge/0.jpg
Running,https://raw.githubusercontent.com/yuhonas/free-exercise-db/main/exercises/Running_Treadmill/0.jpg
Jogging,https://raw.githubusercontent.com/yuhonas/free-exercise-db/main/exercises/Jogging_Treadmill/0.jpg
Sprinting,
Walking,https://raw.githubusercontent.com/yuhonas/free-exercise-db/main/exercises/Walking_Treadmill/0.jpg
Swimming,
Cycling (Outdoor),https://raw.githubusercontent.com/yuhonas/free-exercise-db/main/exercises/Bicycling/0.jpg
Cycling (Stationary Bike),https://raw.githubusercontent.com/yuhonas/free-exercise-db/main/exercises/Bicycling_Stationary/0.jpg
Rowing,https://raw.githubusercontent.com/yuhonas/free-exercise-db/main/exercises/Rowing_Stationary/0.jpg
Jumping Jacks,
High Knees,
Butt Kicks,
Skipping,https://raw.githubusercontent.com/yuhonas/free-exercise-db/main/exercises/Fast_Skipping/0.jpg
